"","zipest","zipvar","linest","linvar","zip_ci_left","zip_ci_right","lin_ci_left","lin_ci_right","zip_ci_in","lin_ci_in"
"1",4.85591969651639,2.2056976513075,4.81435083176737,NA,1.94506128388284,7.76677810914994,NA,NA,TRUE,NA
"2",4.86239302804517,2.58377074576447,14.2622658624836,298.463551978758,1.7119249799659,8.01286107612443,-19.5982634364582,48.1227951614255,TRUE,TRUE
"3",8.98760099276717,0.945228242404557,-19.0900913752502,57.5822246171047,7.08206816194158,10.8931338235928,-33.9628767455353,-4.21730600496509,FALSE,FALSE
"4",5.93598948868795,4.09997501029876,-32.1838846776398,341.386019109437,1.96737698959741,9.90460198777849,-68.3974226761508,4.02965332087121,TRUE,FALSE
"5",5.88091829226992,2.57038449065617,-1.06332241492124,79.4076413252866,2.73862197043671,9.02321461410313,-18.5287506718961,16.4021058420537,TRUE,TRUE
"6",7.19890881095293,1.95538232469424,-0.0678732814779519,140.958039816553,4.45819345195885,9.93962416994702,-23.3376929069295,23.2019463439736,TRUE,TRUE
"7",5.36379735986309,1.89142004918125,36.3249762938529,NA,2.66828029785716,8.05931442186901,NA,NA,TRUE,NA
"8",4.43493923899502,5.22231703067244,15.3157193660752,201.14562369264,-0.0440467870981402,8.91392526508817,-12.4816299747903,43.1130687069406,TRUE,TRUE
"9",2.95036004589955,4.16980999051484,6.04340884830675,15.6738340084019,-1.05190848190836,6.95262857370746,-1.71612644097901,13.8029441375925,TRUE,TRUE
"10",3.08720497851212,4.04465730670782,0.236799956760613,NA,-0.854543933777659,7.02895389080191,NA,NA,TRUE,NA
"11",5.064143476082,2.47019748930864,3.27537300179327,NA,1.98369514277707,8.14459180938694,NA,NA,TRUE,NA
"12",5.45536877363157,1.79881824031901,-4.83893192835253,46.6974619685898,2.82666449279302,8.08407305447013,-18.2324518982211,8.55458804151602,TRUE,TRUE
"13",5.64743296641419,3.53546425541521,14.2626449487538,287.649883856699,1.96214595598834,9.33271997684005,-18.9788228830516,47.5041127805593,TRUE,TRUE
"14",3.37649848831041,1.87122376307491,0.520126902183446,19.9731729196359,0.695411203241798,6.05758577337901,-8.23921789576717,9.27947170013406,TRUE,TRUE
"15",6.80098926735828,1.45666297174744,4.78339792498832,50.286073312014,4.43546378205957,9.166514752657,-9.11523078012167,18.6820266300983,TRUE,TRUE
"16",4.6943391979899,6.52797160660609,-7.11590647981282,78.8627821226203,-0.313348303186438,9.70202669916625,-24.5213116750221,10.2894987153965,TRUE,TRUE
"17",4.94533865501631,7.54060248240104,5.33947093642455,378.904728145191,-0.436753309951171,10.3274306199838,-32.8121595678678,43.4911014407169,TRUE,TRUE
"18",4.47270931194171,3.29118733999655,-3.493422055272,NA,0.917015197175006,8.02840342670841,NA,NA,TRUE,NA
"19",9.16119620982269,0.855245134943414,2.34402458802934,54.6391590742993,7.34863201303293,10.9737604066125,-12.1436970955645,16.8317462716232,FALSE,TRUE
"20",5.12394889691763,3.45380812663035,6.74524298586361,5.0247332744313,1.48146874006994,8.76642905376532,2.35180401864221,11.138681953085,TRUE,TRUE
"21",3.34073719807215,4.210023831778,10.4960934791855,128.096719859913,-0.680784054378981,7.36225845052327,-11.6867439048789,32.6789308632499,TRUE,TRUE
"22",5.17685258353113,2.7810854581567,4.13096615190935,83.5553446282834,1.9083016409359,8.44540352612637,-13.7847927111268,22.0467250149455,TRUE,TRUE
"23",6.11427199661937,1.81913201268367,4.2683902581908,5.08219999479902,3.47076661245032,8.75777738078841,-0.150100660499916,8.68688117688152,TRUE,TRUE
"24",4.77152417927698,5.08544640874552,-32.7699479962079,692.033529243029,0.35162226135587,9.19142609719809,-84.3297996748805,18.7899036824647,TRUE,TRUE
"25",6.71020733569602,2.05191030174556,-4.28357773300318,48.8496701438381,3.90265877370932,9.51775589768272,-17.9822636649473,9.41510819894099,TRUE,TRUE
"26",5.64067216080057,4.45312162521721,15.2525403594119,112.648031496453,1.50467369044128,9.77667063115986,-5.54968967070458,36.0547703895283,TRUE,TRUE
"27",2.36912925241357,3.45124131145315,-10.7626116325396,147.513825374156,-1.27199713625048,6.01025564107761,-34.5674070666089,13.0421838015296,TRUE,TRUE
"28",3.46712351545222,3.33415733723229,4.27099836687628,43.0282399346533,-0.111707035536886,7.04595406644134,-8.58556462001556,17.1275613537681,TRUE,TRUE
"29",5.60619285021469,4.11794374320623,-8.0475457976975,51.5715352019075,1.62889334986753,9.58349235056184,-22.1226986848993,6.0276070895043,TRUE,TRUE
"30",6.06160573073048,3.14760071872092,103.357771176765,NA,2.58433977240149,9.53887168905947,NA,NA,TRUE,NA
"31",7.39642062926931,2.7013124177303,14.2440753529243,76.0336129823773,4.1750885422996,10.617752716239,-2.8462726031706,31.3344233090192,TRUE,TRUE
"32",5.55283819104168,2.20172156699095,6.15696132565134,48.1587197023136,2.64460458037181,8.46107180171154,-7.44449957359726,19.7584222248999,TRUE,TRUE
"33",5.52192273520131,2.01334670477992,-2.56898086870168,219.647512630295,2.74088184046562,8.302963629937,-31.6166464347532,26.4786846973498,TRUE,TRUE
"34",6.56355086335393,2.14686869573666,9.36639140224341,75.5936834440755,3.69177307109533,9.43532865561253,-7.67444255783621,26.407225362323,TRUE,TRUE
"35",5.90947868247588,1.74834020958469,-8.52181012113796,14.8849302417177,3.31791990064527,8.50103746430648,-16.0835458063139,-0.960074435962033,TRUE,FALSE
"36",4.90603391412292,5.51953282073904,17.0850047703036,557.746403002371,0.301356070848895,9.51071175739694,-29.2027888639136,63.3727984045208,TRUE,TRUE
"37",4.86337320007005,2.32852025386487,3.21613908791163,14.037670186774,1.87256817995019,7.8541782201899,-4.12723424870812,10.5595124245314,TRUE,TRUE
"38",6.39179342134978,2.41823800111264,-5.90314496858821,9.41325527433267,3.34391519216938,9.43967165053019,-11.9165161117184,0.110226174541964,TRUE,FALSE
"39",3.6360736150109,3.42893646926757,-10.4437856280464,160.531595818675,0.0067323186504078,7.26541491137139,-35.2767378238236,14.3891665677307,TRUE,TRUE
"40",7.58430963417282,2.49158850078327,5.54648750616873,172.32265673639,4.4905522707272,10.6780669976184,-20.1822977299331,31.2752727422706,TRUE,TRUE
"41",4.17363103436784,3.62714736132182,1.60508901174186,67.515715445384,0.440865675400423,7.90639639333525,-14.4995327048072,17.709710728291,TRUE,TRUE
"42",4.2639981152953,2.82615172460285,18.6983248368548,158.387004538074,0.969070882245151,7.55892534834546,-5.96819408386253,43.3648437575721,TRUE,TRUE
"43",4.04143183270307,3.24010326076967,-11.6809066710803,NA,0.513440442259567,7.56942322314656,NA,NA,TRUE,NA
"44",2.53697304411225,2.90133834619656,-9.4114800078021,12.3546507034828,-0.80149543436929,5.87544152259379,-16.300593297732,-2.52236671787218,TRUE,FALSE
"45",1.53604300827694,2.0534039756093,0,0,-1.27252723555758,4.34461325211147,0,0,FALSE,FALSE
"46",5.22545651331209,2.66888038750879,-4.85618826740272,129.451951211845,2.0235205198898,8.42739250673438,-27.1560613575978,17.4436848227923,TRUE,TRUE
"47",1.67255948475288,2.06333533033216,-3.96499173637508,258.257034252151,-1.14279443700443,4.4879134065102,-35.4623529311519,27.5323694584017,FALSE,TRUE
"48",7.89215649239875,2.4523191853502,10.3921781267957,26.3059758172596,4.82287593081417,10.9614370539833,0.339649945279469,20.4447063083119,TRUE,TRUE
"49",1.76390380326932,6.36751074876613,133.482834927569,158.798013987051,-3.18185501936976,6.7096626259084,108.784332310219,158.18133754492,TRUE,FALSE
"50",11.2805379289628,10.1370202104202,17,NA,5.04026984955522,17.5208060083704,NA,NA,TRUE,NA
"51",4.60191930502581,2.02538150755784,-8.70837306079048,NA,1.81257894259623,7.3912596674554,NA,NA,TRUE,NA
"52",6.39575360238976,2.16604030859342,11.9069892026576,67.0738878066049,3.51118177117716,9.28032543360236,-4.14485112650503,27.9588295318201,TRUE,TRUE
"53",6.23282116870422,1.7729035555657,9.60404480042198,52.1534647292142,3.6231208024231,8.84252153498534,-4.55029683434859,23.7583864351926,TRUE,TRUE
"54",2.91020277165061,3.51178184574804,9.80638364199449,93.666585415079,-0.762720498403133,6.58312604170436,-9.16244159171608,28.7752088757051,TRUE,TRUE
"55",6.91774815709315,1.38476153995035,3.3143378872522,31.9376989573247,4.61134306860582,9.22415324558048,-7.76209454256419,14.3907703170686,TRUE,TRUE
"56",8.15880702689285,2.46752918076209,9.74511536065569,95.6182351741973,5.08002289403152,11.2375911597542,-9.42030957408357,28.9105402953949,TRUE,TRUE
"57",5.10999134914313,2.97874854616483,5.65678653073192,187.624366243352,1.72727943748191,8.49270326080434,-21.1900247637713,32.5035978252352,TRUE,TRUE
"58",5.63213689136076,2.31877250456628,20.3649018421562,NA,2.64759855338466,8.61667522933685,NA,NA,TRUE,NA
"59",3.78652524615709,2.55676017172806,-1.53067958481855,228.424499018981,0.652567857473547,6.92048263484064,-31.1530243032756,28.0916651336385,TRUE,TRUE
"60",1.37216725338572,2.50927575684583,-2.80229863481047,201.650716343658,-1.73255165332537,4.47688616009682,-30.6345267705102,25.0299295008893,FALSE,TRUE
"61",5.76984066111627,4.53194499418067,-8.92157516774483,116.16176886637,1.59739772288501,9.94228359934753,-30.0457473796719,12.2025970441822,TRUE,TRUE
"62",4.45926812125481,5.98525406079144,14.6813435242936,289.009025006142,-0.335740429928665,9.25427667243828,-18.6385644643256,48.0012515129128,TRUE,TRUE
"63",7.75057316884598,2.98014836325307,13.9151937683619,NA,4.36706652381103,11.1340798138809,NA,NA,TRUE,NA
"64",3.69144980127967,2.38151172098479,-1.45215941616145,NA,0.666804498576642,6.71609510398269,NA,NA,TRUE,NA
"65",7.28121203329166,2.20679643937361,4.06361079054542,NA,4.36962867581963,10.1927953907637,NA,NA,TRUE,NA
"66",6.40058213560227,2.38021702602354,15.0233341860121,22.8237041792387,3.3767591100625,9.42440516114204,5.65977077562982,24.3868975963944,TRUE,FALSE
"67",9.08779371262147,21.0533853881676,16.4618902872228,NA,0.0947011964260884,18.0808862288168,NA,NA,TRUE,NA
"68",6.05245277535881,2.58293400112091,5.79926895733645,144.770097932659,2.90249490232675,9.20241064839088,-17.7831051741238,29.3816430887967,TRUE,TRUE
"69",4.61033481919717,4.83024136566122,26.8470355659788,7.75728998989788,0.302763194696777,8.91790644369755,21.3881611347086,32.305909997249,TRUE,FALSE
"70",6.39455660144692,1.68349144361181,-4.37864898811542,204.405446586339,3.85151451457033,8.93759868832352,-32.4003389048034,23.6430409285726,TRUE,TRUE
"71",3.82262867889323,3.8855371776159,88.2953924603897,NA,-0.0408064589196884,7.68606381670615,NA,NA,TRUE,NA
"72",6.23902309138507,2.18933804641517,0.917734061109408,151.914154680673,3.33897965207545,9.13906653069469,-23.2395002484378,25.0749683706566,TRUE,TRUE
"73",6.43847259992179,1.83306672667374,-2.71185879974449,120.945154978466,3.78486178706665,9.09208341277694,-24.2665759728425,18.8428583733535,TRUE,TRUE
"74",3.92598077277049,2.41217847917676,25.8304667426903,NA,0.88192356307122,6.97003798246975,NA,NA,TRUE,NA
"75",2.53517613870291,3.02956409692465,-7.65208044066645,180.742948461611,-0.876267210231592,5.94661948763741,-34.0019683654019,18.697807484069,TRUE,TRUE
"76",5.64321469856251,5.0259190297478,0,NA,1.24925737185585,10.0371720252692,NA,NA,TRUE,NA
"77",4.12514058989381,2.09892880867688,-21.8156057183049,115.290511250235,1.28560742648459,6.96467375330304,-42.8604091477634,-0.770802288846333,TRUE,FALSE
"78",7.34826997173083,1.20783945993392,-1.76066465448005,32.867550903309,5.19423525814203,9.50230468531963,-12.9971829467328,9.47585363777265,FALSE,TRUE
"79",2.58916683432447,3.32515642458697,-3.1516158408818,111.676829601075,-0.984829734982414,6.16316340363135,-23.8639779016947,17.5607462199311,TRUE,TRUE
"80",5.88096549977071,3.63112507468553,22.832761685325,1303.33231025052,2.14615393194104,9.61577706760039,-47.9252583513287,93.5907817219787,TRUE,TRUE
"81",5.30925632598592,6.56572504361258,-0.404748821080066,NA,0.287109137478014,10.3314035144938,NA,NA,TRUE,NA
"82",7.19246964518141,2.97801664295192,5.9068300204749,225.188918121198,3.81017333923162,10.5747659511312,-23.5049695817127,35.3186296226625,TRUE,TRUE
"83",8.11338630872023,0.860682082939961,4.0313494698055,NA,6.2950698403014,9.93170277713905,NA,NA,FALSE,NA
"84",4.71769545623592,5.46647318995143,10.2309530512547,622.088077736284,0.135203595509172,9.30018731696266,-38.6538680435259,59.1157741460352,TRUE,TRUE
"85",5.54628081527945,10.7785023116871,8.6174857257041,NA,-0.888404319138731,11.9809659496976,NA,NA,TRUE,NA
"86",4.92413328460192,20.6143119751398,13.8705175902782,NA,-3.97468857952377,13.8229551487276,NA,NA,TRUE,NA
"87",6.61586950075089,1.90653645899748,5.21196796632388,431.245286639425,3.90960245971618,9.32213654178561,-35.4895186188586,45.9134545515063,TRUE,TRUE
"88",2.68175193955961,3.79305828771084,-5.49083405411933,277.399074555294,-1.1354299026813,6.49893378180053,-38.1346255281932,27.1529574199546,TRUE,TRUE
"89",6.68561361878128,2.28143669940912,-88.3014924479489,NA,3.7252006184044,9.64602661915816,NA,NA,TRUE,NA
"90",3.35679857640629,5.9358365774795,5.23898604085432,59.0104381097781,-1.41837385804646,8.13197101085905,-9.81711464922582,20.2950867309345,TRUE,TRUE
"91",3.32353588942965,3.32894517659042,-2.56557643131408,367.446333992032,-0.252496243007147,6.89956802186644,-40.1359099518647,35.0047570892366,TRUE,TRUE
"92",1.23441576585419,4.46404651788195,0.333936260219689,NA,-2.90665304208736,5.37548457379575,NA,NA,TRUE,NA
"93",6.58497907767114,1.90448752875195,8.54249548254268,149.152504346136,3.88016662276302,9.28979153257927,-15.3941543133056,32.479145278391,TRUE,TRUE
"94",7.8115677493533,2.20312209942363,21.8346176912903,84.7012412696242,4.90240931057809,10.7207261881285,3.79642680642221,39.8728085761584,TRUE,TRUE
"95",7.23658315127912,2.27235548084165,0.304866740267688,144.319071350763,4.28206796166987,10.1910983408884,-23.2407436709061,23.8504771514414,TRUE,TRUE
"96",3.62223592106332,3.5550710984241,-19.5435165319183,317.333667582859,-0.0732558228370737,7.31772766496372,-54.4580438298697,15.3710107660331,TRUE,TRUE
"97",7.80979494351145,3.38306962979925,-0.1780005232191,109.480378686344,4.20480913626966,11.4147807507532,-20.6856665629611,20.3296655165229,TRUE,TRUE
"98",8.48656340223284,1.20189626157389,-1.03056459336254,461.481882891432,6.33783470935831,10.6352920951074,-43.1347644981681,41.073635311443,FALSE,TRUE
"99",7.02092531396805,1.56836172859896,12.6463549916317,106.299919326226,4.56637912447281,9.47547150346328,-7.56123671878259,32.853946702046,TRUE,TRUE
"100",5.35883192065948,4.02651923763031,12.1780569238695,142.422866290182,1.4259312300636,9.29173261125536,-11.2123594037412,35.5684732514803,TRUE,TRUE
"101",11.4803396114344,42.9242527282356,-84.028968352556,8634.74787650349,-1.36067862173477,24.3213578446037,-266.155376088129,98.097439383017,TRUE,TRUE
"102",5.28775006300077,2.40147514282297,-4.91785968027818,NA,2.25045391838876,8.32504620761278,NA,NA,TRUE,NA
"103",4.99032305568035,2.52749622337281,-1.76199867862259,NA,1.87435247469815,8.10629363666255,NA,NA,TRUE,NA
"104",6.51179318262754,4.77009618254614,-0.776916764566567,NA,2.23112406950968,10.7924622957454,NA,NA,TRUE,NA
"105",7.24495789247182,2.66632332738305,14.5886553177356,NA,4.04455615756445,10.4453596273792,NA,NA,TRUE,NA
"106",2.92571308827514,2.58179792536889,0.659822823812277,NA,-0.223551971013785,6.07497814756407,NA,NA,TRUE,NA
"107",5.50444883172788,3.9362698410166,-8.10669885633509,NA,1.61587344973958,9.39302421371618,NA,NA,TRUE,NA
"108",5.31043311377964,7.53108748187684,14.4844715345318,171.411169601606,-0.0682621217468071,10.6891283493061,-11.1761782902794,40.1451213593431,TRUE,TRUE
"109",1.03841211220301,0.995014005336929,-0.0329885660217801,115.755112235663,-0.916659581499225,2.99348380590525,-21.1201528357411,21.0541757036976,FALSE,TRUE
"110",3.09939136057767,2.83207605813684,15.209710385222,117.546384738543,-0.198987567684875,6.39777028884022,-6.03998600071686,36.4594067711609,TRUE,TRUE
"111",4.10678924631569,2.63443793355167,10.4087366787812,56.0748756326999,0.925581168020075,7.2879973246113,-4.2680928704968,25.0855662280593,TRUE,TRUE
"112",4.28272388886597,2.13274645114811,0,0,1.42040705331701,7.14504072441492,0,0,TRUE,FALSE
"113",1.8572803266411,2.70674862269141,3.98375760653509,17.9299511329262,-1.36729148555965,5.08185213884184,-4.3154694016985,12.2829846147687,FALSE,TRUE
"114",7.25260100701259,2.44663419028529,15,NA,4.18688013072864,10.3183218832965,NA,NA,TRUE,NA
"115",6.23176161376684,2.29631438862907,10.2133715213267,33.4405900860357,3.26171158669895,9.20181164083473,-1.12067672963899,21.5474197722924,TRUE,TRUE
"116",3.29152134578039,1.68397767327906,5.36090282489006,25.809913888738,0.748112041938439,5.83493064962235,-4.59639205721766,15.3181977069978,TRUE,TRUE
"117",5.56791612913353,3.93140187823139,52.9589304392241,NA,1.6817459806679,9.45408627759917,NA,NA,TRUE,NA
"118",7.51473748849576,6.49728475092711,-22.2809288911451,61.0567808301118,2.51883398492302,12.5106409920685,-37.5958598176306,-6.96599796465967,TRUE,FALSE
"119",5.88606264719713,2.2555908220201,13.758106393077,274.668774550661,2.94246633331069,8.82965896108357,-18.7246395925518,46.2408523787058,TRUE,TRUE
"120",1.44104340987706,9.84011419513405,-74.4883939648624,11804.3773581954,-4.70715904869041,7.58924586844454,-287.434465836221,138.457677906496,TRUE,TRUE
"121",4.83963639362907,3.9804608250771,-62.8269580111067,NA,0.929294164754485,8.74997862250365,NA,NA,TRUE,NA
"122",6.92379543416955,1.75759761083477,5.68907662263403,103.818395882462,4.325384603417,9.5222062649221,-14.2812536854254,25.6594069306935,TRUE,TRUE
"123",5.32757465541144,5.53118114807558,0.856499529974869,244.351292555633,0.718040556380175,9.93710875444271,-29.7811477056704,31.4941467656202,TRUE,TRUE
"124",5.14549495584112,2.52310642245827,-7.2252118407606,31.126616641805,2.03223148769354,8.25875842398871,-18.1600925468784,3.70966886535715,TRUE,FALSE
"125",3.20095652641655,6.22067849033929,136.478765946038,NA,-1.68744610199041,8.08935915482351,NA,NA,TRUE,NA
"126",8.04985624737975,2.03896329563227,-2.29766165477945,111.461416279176,5.25117914255359,10.8485333522059,-22.990038046405,18.3947147368461,FALSE,TRUE
"127",5.59739238313355,6.05445679291324,9.57133548557241,103.283136464145,0.774743064382704,10.4200417018844,-10.3474474993176,29.4901184704624,TRUE,TRUE
"128",2.67601729179302,4.15828166512557,-36.1197434180486,327.660615411808,-1.32071484601999,6.67274942960602,-71.5978318849849,-0.641654951112343,TRUE,FALSE
"129",2.33745070485974,2.95422027085641,7.41675513515091,78.1383351390447,-1.03130507699129,5.70620648671077,-9.90852110375036,24.7420313740522,TRUE,TRUE
"130",5.46080546171498,3.57981789938144,0.94843621431008,34.606432493477,1.75247388996232,9.16913703346763,-10.5814894296316,12.4783618582517,TRUE,TRUE
"131",4.46575593629243,2.94399523120262,-15.6892881375092,192.688388949312,1.10283511519291,7.82867675739196,-42.8959878891268,11.5174116141085,TRUE,TRUE
"132",1.87356766295278,1.88712324664664,-2.4882734179854,NA,-0.81888590982572,4.56602123573127,NA,NA,FALSE,NA
"133",5.58739223345256,2.15774906399422,-10.1964117887253,71.2799858627855,2.70834652788881,8.46643793901631,-26.7438928789562,6.35106930150565,TRUE,TRUE
"134",-145.739199355148,663039.060685347,27.4290848074486,NA,-1741.68319841479,1450.20479970449,NA,NA,TRUE,NA
"135",6.20291543615137,1.98261017089671,14.9314598240522,291.853033899289,3.4431844113975,8.96264646090524,-18.5519899895313,48.4149096376357,TRUE,TRUE
"136",2.51807037280431,4.99986687084612,7.61717109755119,8.80503296304423,-1.86448398433813,6.90062472994674,1.80131591173468,13.4330262833677,TRUE,TRUE
"137",4.6656765911005,2.1813073320315,8.18382943342301,93.3298646004374,1.77095686524151,7.5603963169595,-10.7508697087218,27.1185285755678,TRUE,TRUE
"138",5.50319025655801,2.1556006217466,11.6633289742695,1.26149285225159,2.62557822184898,8.38080229126703,9.46197192814443,13.8646860203946,TRUE,FALSE
"139",5.03758753055183,3.18591817985433,-1.63567759613632,360.073074243546,1.53922026938396,8.5359547917197,-38.8271535973294,35.5557984050568,TRUE,TRUE
"140",2.8036817291255,3.18950899445312,1.05302262447341,NA,-0.696656463167518,6.30401992141852,NA,NA,TRUE,NA
"141",7.26929073282941,1.72665230772609,10.8991014062151,152.698132194773,4.69385606315009,9.84472540250874,-13.3203863427677,35.1185891551979,TRUE,TRUE
"142",5.92318630650295,2.55001359606982,-2.66722908065132,183.574314074877,2.79336646799589,9.05300614501001,-29.222702491152,23.8882443298494,TRUE,TRUE
"143",6.36083660109645,3.05386919272004,21.9498076483196,29.3980731027408,2.93573620145553,9.78593700073738,11.3228848937338,32.5767304029055,TRUE,FALSE
"144",4.17048294337929,5.98867347958111,17.8201135139924,46.479431350751,-0.625895123703605,8.96686101046218,4.45789732268679,31.182329705298,TRUE,TRUE
"145",4.52283366836197,3.61276518832938,9.82403210744731,151.604679304738,0.797476141921783,8.24819119480216,-14.3085834278338,33.9566476427284,TRUE,TRUE
"146",5.15911988163422,3.10780638277314,6.54841257394087,3.21233248730062,1.70390494734817,8.61433481592027,3.03557284398688,10.0612523038949,TRUE,TRUE
"147",7.53878548827153,1.39038773959455,4.55888999074493,8.77505723436734,5.22769975934445,9.84987121719862,-1.24705704785749,10.3648370293474,FALSE,TRUE
"148",4.56948284787318,2.73814216566197,2.57761063445999,106.630429698611,1.32626525193597,7.81270044381038,-17.6613716699973,22.8165929389173,TRUE,TRUE
"149",4.07582895314102,3.9702307657315,0,NA,0.17051488187729,7.98114302440474,NA,NA,TRUE,NA
"150",3.35774006853305,2.48712799479519,12.6235205558688,241.152641607881,0.266753207706672,6.44872692935942,-17.8129368963099,43.0599780080475,TRUE,TRUE
"151",6.10869895550824,1.74168003505096,0.474906845357397,35.7921128812197,3.52208106075198,8.69531685026451,-11.2508736292567,12.2006873199715,TRUE,TRUE
"152",6.30852190093121,3.60118017557929,0,NA,2.58914220125172,10.0279016006107,NA,NA,TRUE,NA
"153",2.32877106548393,4.19706410509053,-4.08657699083727,389.747471724627,-1.686555686789,6.34409781775686,-42.7802310325507,34.6070770508761,TRUE,TRUE
"154",5.2207051952273,4.13238059246046,5.79991312147875,105.45960051035,1.23643990820481,9.2049704822498,-14.3276478983608,25.9274741413183,TRUE,TRUE
"155",7.61520427662106,5.09188439340234,-3.61063680103749,390.129743081825,3.19250552845947,12.0379030247827,-42.3232619093508,35.1019883072758,TRUE,TRUE
"156",3.51921290430108,2.41411821436099,-3.85552014705505,194.244202197906,0.473932012699222,6.56449379590293,-31.1718358558368,23.4607955617267,TRUE,TRUE
"157",8.03534208601697,1.28201865061667,6.58951942151739,11.6838555596293,5.81614812114914,10.2545360508848,-0.109961901633969,13.2890007446688,FALSE,TRUE
"158",8.12450953888693,3.56691455597338,1.46286175183631,68.0112976356951,4.42286728392681,11.826151793847,-14.7007578678372,17.6264813715098,TRUE,TRUE
"159",5.57516212056894,4.16719549328842,6.1220902941538,92.7801706958845,1.5741485133377,9.57617572780019,-12.7567657385938,25.0009463269014,TRUE,TRUE
"160",6.5460243857634,1.26400908446857,1.11953652726646,63.5382195067286,4.34247296885267,8.74957580267414,-14.5035058709133,16.7425789254462,TRUE,TRUE
"161",3.37314104975137,2.63707912936912,11.5102726082863,14.2185145411726,0.190338686678323,6.55594341282442,4.11974907464162,18.9007961419309,TRUE,TRUE
"162",5.64603029722889,1.54330965132309,10.1844853346765,45.2832986588846,3.21116675420693,8.08089384025086,-3.00467411781703,23.37364478717,TRUE,TRUE
"163",6.76339046529867,1.94098314299765,-26.5236900261558,NA,4.03278488860201,9.49399604199533,NA,NA,TRUE,NA
"164",2.4975990025405,4.17918979413649,-8.6857835538937,1.9107200780626,-1.50916845989608,6.50436646497708,-11.3950182240083,-5.97654888377911,TRUE,FALSE
"165",2.47322306501534,2.1652265103336,-2.03951114792238,10.8404362105598,-0.410806837208591,5.35725296723927,-8.49265683829906,4.41363454245429,TRUE,FALSE
"166",3.28374714234235,5.0711284083195,52.1833789907168,473.27719775137,-1.12992830506104,7.69742258974574,9.54448986429372,94.8222681171398,TRUE,FALSE
"167",3.84795919763155,1.93766768205134,3.62535325831791,NA,1.11968673895187,6.57623165631123,NA,NA,TRUE,NA
"168",6.17137251086631,2.03574626632141,21.3940794096244,232.497603716356,3.37490412172698,8.96784090000564,-8.49120075614361,51.2793595753923,TRUE,TRUE
"169",3.80809814348159,2.60409153116083,13.8167378000523,400.226538446539,0.645265491842778,6.97093079512041,-25.393640499466,53.0271160995706,TRUE,TRUE
"170",3.93286960789708,2.6113920315091,2.11393099269118,76.7785874735391,0.765606601178029,7.10013261461612,-15.0599381721378,19.2878001575201,TRUE,TRUE
"171",6.03326587878081,6.00429664557528,16.3274810662886,338.204208865084,1.23063552540056,10.8358962321611,-19.7169018711491,52.3718640037264,TRUE,TRUE
"172",6.51813496774346,2.12088349710851,8.28116672642699,NA,3.66378975077476,9.37248018471216,NA,NA,TRUE,NA
"173",6.62628767086836,2.23202633897052,5.21978671132143,66.9105658606311,3.69810781507741,9.55446752665931,-10.8124989467797,21.2520723694226,TRUE,TRUE
"174",4.59182931618056,3.26963780691822,1.74586988827412,163.58826558246,1.04779503391678,8.13586359844434,-23.3223886428603,26.8141284194086,TRUE,TRUE
"175",6.59191679966457,3.33611092247189,0,NA,3.01203792881661,10.1717956705125,NA,NA,TRUE,NA
"176",3.95985501447333,2.53009319579386,8.5718845303005,44.3368222414957,0.842284033058389,7.07742599588826,-4.47871227142244,21.6224813320234,TRUE,TRUE
"177",6.5653037836213,4.11940513842332,-3.26754997205788,344.435751720121,2.58729860451344,10.5433089627292,-39.6424830525141,33.1073831083984,TRUE,TRUE
"178",7.23987353073726,4.11088573041625,-17.8084806980618,NA,3.26598396886301,11.2137630926115,NA,NA,TRUE,NA
"179",3.91671499687318,3.29343562526918,-0.0573742712297434,1354.81209430964,0.359806601499672,7.47362339224669,-72.1992821339196,72.0845335914601,TRUE,TRUE
"180",3.1505489678204,4.88272751145204,6.73748236890886,39.5576721679392,-1.18036279160316,7.48146072724397,-5.58968959694189,19.0646543347596,TRUE,TRUE
"181",10.4305035873834,8.14987011704587,13.5618105345088,NA,4.83520284044965,16.0258043343171,NA,NA,TRUE,NA
"182",2.26537321709416,2.32835115453747,6.94899633315963,101.942774865633,-0.725323203519486,5.25606963770781,-12.8401161207535,26.7381087870728,TRUE,TRUE
"183",5.41605472003694,2.52596099367882,5.38918563126312,NA,2.30103062062827,8.53107881944561,NA,NA,TRUE,NA
"184",3.9493095676291,2.206572500994,10.5417144213982,185.397054416547,1.03787394281366,6.86074519244454,-16.1452702344064,37.2286990772029,TRUE,TRUE
"185",2.54730054839806,4.67935694144979,4.82209964900933,10.2240166805735,-1.69245852469897,6.78705962149509,-1.44488838835862,11.0890876863773,TRUE,TRUE
"186",4.48713136588456,3.39826432563812,9.66781460986652,38.8814830299881,0.874058924212138,8.10020380755699,-2.5535443958749,21.8891736156079,TRUE,TRUE
"187",8.13900528449555,1.75783422582199,-10.8168578424675,450.759461223123,5.54041955527631,10.7375910137148,-52.4290424561944,30.7953267712595,FALSE,TRUE
"188",7.64896412912998,2.78333184039581,4.07890069395624,NA,4.37909339021578,10.9188348680442,NA,NA,TRUE,NA
"189",2.60237808524386,2.5528326725027,-1.08624383699969,NA,-0.529171305639449,5.73392747612717,NA,NA,TRUE,NA
"190",2.30873229943317,4.50241291330484,4.95361343520469,NA,-1.85009371282341,6.46755831168976,NA,NA,TRUE,NA
"191",4.78870216136606,6.48538501687969,12.0227445566741,157.037234487627,-0.202624263412226,9.78002858614434,-12.538445756499,36.5839348698471,TRUE,TRUE
"192",8.35933356688573,5.4325793199833,11.476123484077,82.6134322572084,3.79107024830718,12.9275968854643,-6.33836775345966,29.2906147216136,TRUE,TRUE
"193",3.87172406855242,2.25683078900237,16.4326555741853,49.4591308593559,0.927318773551874,6.81612936355296,2.64878041138955,30.216530736981,TRUE,TRUE
"194",4.62315857083287,2.48547790660664,5.7919350528446,NA,1.53319723968738,7.71311990197836,NA,NA,TRUE,NA
"195",4.37995110673797,5.14874690426673,19.1609842739619,NA,-0.067373843264785,8.82727605674072,NA,NA,TRUE,NA
"196",6.49391998818458,2.6789662022568,-4.06840669387598,206.164629242011,3.28593957240882,9.70190040396035,-32.2104203659084,24.0736069781564,TRUE,TRUE
"197",6.55588428325681,1.52945474981669,15.2710234624289,184.362435987143,4.13197474708682,8.97979381942681,-11.3413929240526,41.8834398489104,TRUE,TRUE
"198",6.25912472003175,2.05445060004313,-7.12442233114554,NA,3.4498388002265,9.068410639837,NA,NA,TRUE,NA
"199",2.08860591140195,1.80263574458769,-0.82147879911238,NA,-0.542886247344662,4.72009807014856,NA,NA,FALSE,NA
"200",4.51292544615815,2.38944146616785,12.7069352492819,72.374746910702,1.48324873126879,7.54260216104751,-3.9671347372457,29.3810052358095,TRUE,TRUE
"201",5.04486646754125,2.03152877113954,0.556188893648907,16.1271837001245,2.25129632927948,7.83843660580301,-7.3147648019205,8.42714258921832,TRUE,TRUE
"202",6.7806297467515,2.09596015288214,29.6136695892789,NA,3.9431053649862,9.61815412851679,NA,NA,TRUE,NA
"203",3.93095466651177,1.72237207524852,-4.02425753093132,120.187504050387,1.35871412546965,6.5031952075539,-25.5113547655875,17.4628397037249,TRUE,TRUE
"204",4.10650453320108,4.79976050615626,-1.73235777940486,NA,-0.187454285138156,8.40046335154031,NA,NA,TRUE,NA
"205",7.52486403825162,2.43821058734685,6.85575275222795,118.138914054506,4.4644252514968,10.5853028250064,-14.447434179823,28.1589396842789,TRUE,TRUE
"206",8.2613699175782,1.73367087281659,24.0166515974451,NA,5.68070619160347,10.8420336435529,NA,NA,FALSE,NA
"207",5.74627096405367,2.76204103558422,-14.5074068113717,6.39382420751983,2.48893049992283,9.00361142818452,-19.4633741639623,-9.55143945878097,TRUE,FALSE
"208",0.481219257628342,3.83095760951313,0,0,-3.35498536423028,4.31742387948697,0,0,FALSE,FALSE
"209",5.97443008164901,1.70213687580462,-1.98821799048057,78.3266878715239,3.41734410038276,8.53151606291526,-19.3343629806454,15.3579269996843,TRUE,TRUE
"210",0.344806559508061,449.994848301335,5.4512784886052,82.9915893068811,-41.2320701783384,41.9216832973545,-12.4039384741299,23.3064954513403,TRUE,TRUE
"211",6.26829735655114,1.57634209095529,3.81333198289313,30.9719679046986,3.8075143044046,8.72908040869767,-7.09435059874444,14.7210145645307,TRUE,TRUE
"212",6.50985649918388,9.06715055674659,6.37345918259806,1251.63357913818,0.608069864208349,12.4116431341594,-62.9669969224587,75.7139152876549,TRUE,TRUE
"213",9.19876577585968,2.89478327836939,1.49443518027237,NA,5.86407077351089,12.5334607782085,NA,NA,FALSE,NA
"214",4.96485872879869,3.55347264366493,4.14954620375915,NA,1.27019787411908,8.65951958347831,NA,NA,TRUE,NA
"215",7.42807589093806,2.07406171802749,15.0066624100719,193.202524346396,4.60541355169507,10.250738230181,-12.2363099191515,42.2496347392953,TRUE,TRUE
"216",6.92985945690699,3.97119847501554,5.55093797292908,474.807556868541,3.02406947143983,10.8356494423741,-37.1568327188886,48.2587086647468,TRUE,TRUE
"217",6.35219516119707,2.0051402428031,5.14004619269164,9.16071062526346,3.57682785713717,9.12756246525697,-0.792111309873901,11.0722036952572,TRUE,TRUE
"218",2.25593852345156,2.31803753858478,-0.822826189188956,5.12456357606438,-0.728126782351353,5.24000382925447,-5.25969444861253,3.61404207023461,TRUE,FALSE
"219",4.74513698192414,5.80189537812246,10.1753700228212,85.537065356659,0.0241474482529398,9.46612651559533,-7.95160198605625,28.3023420316987,TRUE,TRUE
"220",3.99036466086848,6.06197059312393,-2.43718173518391,NA,-0.835276271250719,8.81600559298769,NA,NA,TRUE,NA
"221",5.876584274387,2.1458070272554,5.11940091576417,393.655128030323,3.0055166450272,8.7476519037468,-33.7677430251781,44.0065448567064,TRUE,TRUE
"222",6.10827417424464,2.46548709913819,1.47150690169921,107.481389253745,3.03076427754374,9.18578407094553,-18.8480730843452,21.7910868877436,TRUE,TRUE
"223",5.1587445191569,2.26888985159767,3.26315734200397,204.865520429384,2.20648319373138,8.11100584458243,-24.7900503268091,31.316365010817,TRUE,TRUE
"224",2.68356555658426,5.63449842512009,44.4917136142559,NA,-1.96882024807174,7.33595136124027,NA,NA,TRUE,NA
"225",3.25758565517487,4.80096307288115,3.32636106287818,NA,-1.0369110492302,7.55208235957995,NA,NA,TRUE,NA
"226",1.75580477495098,3.78787403824587,30.2671584580067,NA,-2.05876756489236,5.57037711479431,NA,NA,TRUE,NA
"227",8.77976622361017,3.00640899838094,12.6711064629503,401.82817542486,5.38138479042103,12.1781476567993,-26.6176500570677,51.9598629829682,FALSE,TRUE
"228",3.24114621889352,2.6583863035476,12.4595863056963,NA,0.0455114596359274,6.43678097815112,NA,NA,TRUE,NA
"229",2.24652560159147,4.80312875355254,-4.30185925914665,176.830890768177,-2.04893960223267,6.54199080541562,-30.3650245525758,21.7613060342825,TRUE,TRUE
"230",4.29393089863121,3.82995515372542,8.42745612833751,NA,0.458228224004112,8.1296335732583,NA,NA,TRUE,NA
"231",6.48987142951458,1.65659697215628,0.199077334204469,NA,3.96722419872211,9.01251866030704,NA,NA,TRUE,NA
"232",7.66338678532578,2.21538482478604,18.1821847329986,420.806705013804,4.74614329593271,10.5806302747188,-22.0236808687082,58.3880503347054,TRUE,TRUE
"233",4.50197233737384,7.46565999614504,3.4939228946064,98.3486474552235,-0.853307808845831,9.85725248359352,-15.943213707018,22.9310594962307,TRUE,TRUE
"234",4.88981784357526,2.8315103451235,2.06584855072646,NA,1.5917683607504,8.18786732640013,NA,NA,TRUE,NA
"235",5.59565909677646,3.93236497253344,21.5185192849942,NA,1.70901297062513,9.4823052229278,NA,NA,TRUE,NA
"236",5.05216265281681,2.60190059411208,-0.312487919971842,88.3545241765987,1.89066079644836,8.21366450918525,-18.7355784925774,18.1106026526337,TRUE,TRUE
